Name,Link
Sign In,https://auth.fandom.com/signin?source=mw&redirect=https%3A%2F%2Fbasketball.fandom.com%2Fwiki%2FNational_Basketball_Association
Create a Free Account,https://auth.fandom.com/register?source=mw&redirect=https%3A%2F%2Fbasketball.fandom.com%2Fwiki%2FNational_Basketball_Association
Basketball Wiki,https://basketball.fandom.com/wiki/Basketball_Wiki
Main Page,https://basketball.fandom.com/wiki/Basketball_Wiki
Discuss,https://basketball.fandom.com/f
All Pages,https://basketball.fandom.com/wiki/Special:AllPages
Community,https://basketball.fandom.com/wiki/Special:Community
Interactive Maps,https://basketball.fandom.com/wiki/Special:AllMaps
Rules of Basketball,https://basketball.fandom.com/wiki/Rules_of_Basketball
Basketball (ball),https://basketball.fandom.com/wiki/Basketball_(ball)
Basketball terminology,https://basketball.fandom.com/wiki/Basketball_Terminology
High school,https://basketball.fandom.com/wiki/High_school_basketball
College,https://basketball.fandom.com/wiki/College_basketball
Professional,https://basketball.fandom.com/wiki/Professional_basketball
International,https://basketball.fandom.com/wiki/FIBA
Wiki Rules,https://basketball.fandom.com/wiki/Basketball_Wiki:Rules
Sign In,https://auth.fandom.com/signin?source=mw&redirect=https%3A%2F%2Fbasketball.fandom.com%2Fwiki%2FNational_Basketball_Association
Create a Free Account,https://auth.fandom.com/register?source=mw&redirect=https%3A%2F%2Fbasketball.fandom.com%2Fwiki%2FNational_Basketball_Association
Sign In,https://auth.fandom.com/signin?source=mw&redirect=https%3A%2F%2Fbasketball.fandom.com%2Fwiki%2FNational_Basketball_Association
Home,https://www.fandom.com/
Saved,https://www.fandom.com/saved
Progress,https://www.fandom.com/progress
Skip to content,#page-header
Basketball Wiki,https://basketball.fandom.com/wiki/Basketball_Wiki
Main Page,https://basketball.fandom.com/wiki/Basketball_Wiki
Discuss,https://basketball.fandom.com/f
All Pages,https://basketball.fandom.com/wiki/Special:AllPages
Community,https://basketball.fandom.com/wiki/Special:Community
Interactive Maps,https://basketball.fandom.com/wiki/Special:AllMaps
Rules of Basketball,https://basketball.fandom.com/wiki/Rules_of_Basketball
Basketball (ball),https://basketball.fandom.com/wiki/Basketball_(ball)
Basketball terminology,https://basketball.fandom.com/wiki/Basketball_Terminology
High school,https://basketball.fandom.com/wiki/High_school_basketball
College,https://basketball.fandom.com/wiki/College_basketball
Professional,https://basketball.fandom.com/wiki/Professional_basketball
International,https://basketball.fandom.com/wiki/FIBA
Wiki Rules,https://basketball.fandom.com/wiki/Basketball_Wiki:Rules
Basketball leagues in the United States,https://basketball.fandom.com/wiki/Category:Basketball_leagues_in_the_United_States
Basketball leagues in Canada,https://basketball.fandom.com/wiki/Category:Basketball_leagues_in_Canada
National Basketball Association,https://basketball.fandom.com/wiki/Category:National_Basketball_Association
Established in 1946,https://basketball.fandom.com/wiki/Category:Established_in_1946
